<?xml version = '1.0' encoding = 'UTF-8'?>
<Diagram class="oracle.dbtools.crest.swingui.relational.DPVRelational" name="Relational Model" id="1CC8D829-213D-3607-1EB7-8B3174125166">
<createdBy>rennecastrucci</createdBy>
<modifiedBy>rennecastrucci</modifiedBy>
<createdTime>2022-06-07 20:00:48 UTC</createdTime>
<autoRoute>false</autoRoute>
<boxInbox>true</boxInbox>
<showLegend>false</showLegend>
<showLabels>false</showLabels>
<showRelAttributes>false</showRelAttributes>
<gridEnabled>false</gridEnabled>
<showGrid>false</showGrid>
<diagramColor>-1</diagramColor>
<display>false</display>
<notation>1</notation>
<objectViews>
<OView class="oracle.dbtools.crest.swingui.relational.TVTable" oid="07583153-4D70-89EA-5017-29015F0E3A5F" otype="Table" vid="6438B172-7190-CA14-498D-44A11C248FA1">
<hideElementsInCurrentOnly>false</hideElementsInCurrentOnly>
<bounds x="985" y="453" width="350" height="115"/>
</OView>
<OView class="oracle.dbtools.crest.swingui.relational.TVTable" oid="126BB11C-7C84-CC17-C743-14847D8F595D" otype="Table" vid="D6FB0157-0B32-F65C-3097-92C75864C324">
<hideElementsInCurrentOnly>false</hideElementsInCurrentOnly>
<bounds x="127" y="383" width="318" height="103"/>
</OView>
<OView class="oracle.dbtools.crest.swingui.relational.TVTable" oid="16070D28-F01D-B11E-9C42-080EC5122E68" otype="Table" vid="C65E8A9A-F249-D799-5981-E9634AE4653D">
<hideElementsInCurrentOnly>false</hideElementsInCurrentOnly>
<bounds x="983" y="149" width="354" height="77"/>
</OView>
<OView class="oracle.dbtools.crest.swingui.relational.TVTable" oid="2FDB4DEB-51A1-BDF1-3B41-DC440F332263" otype="Table" vid="3D3F2D8C-B2D7-E57C-C4D1-D441CB648AEC">
<hideElementsInCurrentOnly>false</hideElementsInCurrentOnly>
<bounds x="583" y="328" width="317" height="100"/>
</OView>
<OView class="oracle.dbtools.crest.swingui.relational.TVTable" oid="3360A406-2B4F-2463-55F3-19145C7392DE" otype="Table" vid="F296FB2C-8586-9F5B-5501-CAF968719A01">
<hideElementsInCurrentOnly>false</hideElementsInCurrentOnly>
<bounds x="581" y="58" width="319" height="206"/>
</OView>
<OView class="oracle.dbtools.crest.swingui.relational.TVTable" oid="52A8B9BE-BE79-40BA-B710-6F5F1DDDF28C" otype="Table" vid="ED97FAC8-B6B9-4A7F-9A27-7CD4C1B0B66E">
<hideElementsInCurrentOnly>false</hideElementsInCurrentOnly>
<bounds x="984" y="54" width="353" height="75"/>
</OView>
<OView class="oracle.dbtools.crest.swingui.relational.TVTable" oid="63BB985E-C872-748A-BA59-338BE02B1F7A" otype="Table" vid="8B6A594C-4BBE-5C12-3A24-38DC714521EA">
<hideElementsInCurrentOnly>false</hideElementsInCurrentOnly>
<bounds x="984" y="248" width="352" height="154"/>
</OView>
<OView class="oracle.dbtools.crest.swingui.relational.TVTable" oid="640F2B83-4B77-1757-A34C-EAA1FB3A6150" otype="Table" vid="F4D7AA17-A148-C5E3-8D81-9C42DD05E76E">
<hideElementsInCurrentOnly>false</hideElementsInCurrentOnly>
<bounds x="132" y="59" width="320" height="116"/>
</OView>
<OView class="oracle.dbtools.crest.swingui.relational.TVTable" oid="7E09AABE-5EC2-351B-1688-35AE5B50344E" otype="Table" vid="D99F44BD-4D44-75DC-A6D8-4D16452E1EFA">
<hideElementsInCurrentOnly>false</hideElementsInCurrentOnly>
<bounds x="130" y="221" width="316" height="116"/>
</OView>
<OView class="oracle.dbtools.crest.swingui.relational.TVTable" oid="7FD133F6-47E7-A8DE-F87C-95FCE42D21BD" otype="Table" vid="08995FE0-686B-FF1B-B197-D5FD8DA4BC3F">
<hideElementsInCurrentOnly>false</hideElementsInCurrentOnly>
<bounds x="126" y="533" width="316" height="110"/>
</OView>
<OView class="oracle.dbtools.crest.swingui.relational.TVTable" oid="F02B5208-B68B-2BF5-9EDD-07067152F155" otype="Table" vid="9D6CB7A3-C0F1-9A06-14F5-16B021A528B5">
<hideElementsInCurrentOnly>false</hideElementsInCurrentOnly>
<bounds x="583" y="535" width="323" height="206"/>
</OView>
</objectViews>
<connectors>
<Connector class="oracle.dbtools.crest.swingui.relational.TVFKRelation" oid="04DE6727-30B1-98D1-B718-3CBD1923DB03" otype="FKIndexAssociation" vid_source="6438B172-7190-CA14-498D-44A11C248FA1" vid_target="8B6A594C-4BBE-5C12-3A24-38DC714521EA">
<hideElementsInCurrentOnly>false</hideElementsInCurrentOnly>
<backgroundColor>-16777216</backgroundColor>
<lineWidth>1</lineWidth>
<points>
<point x="1091" y="453"/>
<point x="1091" y="423"/>
<point x="1091" y="402"/>
</points>
</Connector>
<Connector class="oracle.dbtools.crest.swingui.relational.TVFKRelation" oid="054AC055-FF83-F674-72B0-335A70BC887A" otype="FKIndexAssociation" vid_source="08995FE0-686B-FF1B-B197-D5FD8DA4BC3F" vid_target="D6FB0157-0B32-F65C-3097-92C75864C324">
<hideElementsInCurrentOnly>false</hideElementsInCurrentOnly>
<backgroundColor>-16777216</backgroundColor>
<lineWidth>1</lineWidth>
<points>
<point x="284" y="533"/>
<point x="284" y="486"/>
</points>
</Connector>
<Connector class="oracle.dbtools.crest.swingui.relational.TVFKRelation" oid="0C4FE343-1DFA-D246-8ECB-E82BCFA29B28" otype="FKIndexAssociation" vid_source="D99F44BD-4D44-75DC-A6D8-4D16452E1EFA" vid_target="F4D7AA17-A148-C5E3-8D81-9C42DD05E76E">
<hideElementsInCurrentOnly>false</hideElementsInCurrentOnly>
<backgroundColor>-16777216</backgroundColor>
<lineWidth>1</lineWidth>
<points>
<point x="289" y="221"/>
<point x="289" y="175"/>
</points>
</Connector>
<Connector class="oracle.dbtools.crest.swingui.relational.TVFKRelation" oid="16E27AFD-1C56-6F05-1380-999C1319B673" otype="FKIndexAssociation" vid_source="F4D7AA17-A148-C5E3-8D81-9C42DD05E76E" vid_target="9D6CB7A3-C0F1-9A06-14F5-16B021A528B5">
<hideElementsInCurrentOnly>false</hideElementsInCurrentOnly>
<backgroundColor>-16777216</backgroundColor>
<lineWidth>1</lineWidth>
<points>
<point x="452" y="126"/>
<point x="510" y="126"/>
<point x="509" y="604"/>
<point x="583" y="604"/>
</points>
</Connector>
<Connector class="oracle.dbtools.crest.swingui.relational.TVFKRelation" oid="439A7045-4AA7-C16C-BDF5-3D1BC863B943" otype="FKIndexAssociation" vid_source="ED97FAC8-B6B9-4A7F-9A27-7CD4C1B0B66E" vid_target="F296FB2C-8586-9F5B-5501-CAF968719A01">
<hideElementsInCurrentOnly>false</hideElementsInCurrentOnly>
<backgroundColor>-16777216</backgroundColor>
<lineWidth>1</lineWidth>
<points>
<point x="984" y="93"/>
<point x="900" y="93"/>
</points>
</Connector>
<Connector class="oracle.dbtools.crest.swingui.relational.TVFKRelation" oid="523E57B0-90EA-C9F6-CA3B-5C3EFA342D9B" otype="FKIndexAssociation" vid_source="3D3F2D8C-B2D7-E57C-C4D1-D441CB648AEC" vid_target="6438B172-7190-CA14-498D-44A11C248FA1">
<hideElementsInCurrentOnly>false</hideElementsInCurrentOnly>
<backgroundColor>-16777216</backgroundColor>
<lineWidth>1</lineWidth>
<points>
<point x="809" y="428"/>
<point x="809" y="489"/>
<point x="985" y="489"/>
</points>
</Connector>
<Connector class="oracle.dbtools.crest.swingui.relational.TVFKRelation" oid="7D7E6BCA-E98A-14FF-E2F8-A0BDD308A4B2" otype="FKIndexAssociation" vid_source="3D3F2D8C-B2D7-E57C-C4D1-D441CB648AEC" vid_target="9D6CB7A3-C0F1-9A06-14F5-16B021A528B5">
<hideElementsInCurrentOnly>false</hideElementsInCurrentOnly>
<backgroundColor>-16777216</backgroundColor>
<lineWidth>1</lineWidth>
<points>
<point x="741" y="428"/>
<point x="741" y="535"/>
</points>
</Connector>
<Connector class="oracle.dbtools.crest.swingui.relational.TVFKRelation" oid="93C658D2-5FAA-6558-19A1-EE2185F1A106" otype="FKIndexAssociation" vid_source="F4D7AA17-A148-C5E3-8D81-9C42DD05E76E" vid_target="F296FB2C-8586-9F5B-5501-CAF968719A01">
<hideElementsInCurrentOnly>false</hideElementsInCurrentOnly>
<backgroundColor>-16777216</backgroundColor>
<lineWidth>1</lineWidth>
<points>
<point x="452" y="87"/>
<point x="581" y="87"/>
</points>
</Connector>
<Connector class="oracle.dbtools.crest.swingui.relational.TVFKRelation" oid="9EDACBDB-FF29-09D4-7223-B56D49AD2F9A" otype="FKIndexAssociation" vid_source="C65E8A9A-F249-D799-5981-E9634AE4653D" vid_target="9D6CB7A3-C0F1-9A06-14F5-16B021A528B5">
<hideElementsInCurrentOnly>false</hideElementsInCurrentOnly>
<backgroundColor>-16777216</backgroundColor>
<lineWidth>1</lineWidth>
<points>
<point x="1337" y="184"/>
<point x="1430" y="184"/>
<point x="1429" y="660"/>
<point x="906" y="660"/>
</points>
</Connector>
<Connector class="oracle.dbtools.crest.swingui.relational.TVFKRelation" oid="B8D5ECDB-D50C-151D-38FB-0D84533492B5" otype="FKIndexAssociation" vid_source="C65E8A9A-F249-D799-5981-E9634AE4653D" vid_target="F296FB2C-8586-9F5B-5501-CAF968719A01">
<hideElementsInCurrentOnly>false</hideElementsInCurrentOnly>
<backgroundColor>-16777216</backgroundColor>
<lineWidth>1</lineWidth>
<points>
<point x="983" y="187"/>
<point x="900" y="187"/>
</points>
</Connector>
<Connector class="oracle.dbtools.crest.swingui.relational.TVFKRelation" oid="C37CA3DD-65FA-D971-C8E1-C862E4B26269" otype="FKIndexAssociation" vid_source="D6FB0157-0B32-F65C-3097-92C75864C324" vid_target="D99F44BD-4D44-75DC-A6D8-4D16452E1EFA">
<hideElementsInCurrentOnly>false</hideElementsInCurrentOnly>
<backgroundColor>-16777216</backgroundColor>
<lineWidth>1</lineWidth>
<points>
<point x="287" y="383"/>
<point x="287" y="337"/>
</points>
</Connector>
<Connector class="oracle.dbtools.crest.swingui.relational.TVFKRelation" oid="C6558926-8B30-5F43-841F-72DBA95C1394" otype="FKIndexAssociation" vid_source="3D3F2D8C-B2D7-E57C-C4D1-D441CB648AEC" vid_target="F296FB2C-8586-9F5B-5501-CAF968719A01">
<hideElementsInCurrentOnly>false</hideElementsInCurrentOnly>
<backgroundColor>-16777216</backgroundColor>
<lineWidth>1</lineWidth>
<points>
<point x="741" y="328"/>
<point x="741" y="264"/>
</points>
</Connector>
<Connector class="oracle.dbtools.crest.swingui.relational.TVFKRelation" oid="CF8A2D89-70F5-DC1E-EC1C-2C91C237A207" otype="FKIndexAssociation" vid_source="ED97FAC8-B6B9-4A7F-9A27-7CD4C1B0B66E" vid_target="9D6CB7A3-C0F1-9A06-14F5-16B021A528B5">
<hideElementsInCurrentOnly>false</hideElementsInCurrentOnly>
<backgroundColor>-16777216</backgroundColor>
<lineWidth>1</lineWidth>
<points>
<point x="1337" y="90"/>
<point x="1464" y="90"/>
<point x="1460" y="705"/>
<point x="906" y="705"/>
</points>
</Connector>
<Connector class="oracle.dbtools.crest.swingui.relational.TVFKRelation" oid="EA44408D-9879-F65E-F0B8-DBAC4E8A0444" otype="FKIndexAssociation" vid_source="9D6CB7A3-C0F1-9A06-14F5-16B021A528B5" vid_target="8B6A594C-4BBE-5C12-3A24-38DC714521EA">
<hideElementsInCurrentOnly>false</hideElementsInCurrentOnly>
<backgroundColor>-16777216</backgroundColor>
<lineWidth>1</lineWidth>
<points>
<point x="906" y="616"/>
<point x="1386" y="616"/>
<point x="1388" y="307"/>
<point x="1336" y="307"/>
</points>
</Connector>
<Connector class="oracle.dbtools.crest.swingui.relational.TVFKRelation" oid="EE6E65EE-8F77-A58E-066D-EC21E86EF36A" otype="FKIndexAssociation" vid_source="F296FB2C-8586-9F5B-5501-CAF968719A01" vid_target="8B6A594C-4BBE-5C12-3A24-38DC714521EA">
<hideElementsInCurrentOnly>false</hideElementsInCurrentOnly>
<backgroundColor>-16777216</backgroundColor>
<lineWidth>1</lineWidth>
<points>
<point x="810" y="264"/>
<point x="810" y="301"/>
<point x="984" y="301"/>
</points>
</Connector>
</connectors>
</Diagram>
