<?xml version = '1.0' encoding = 'UTF-8'?>
<Entity class="oracle.dbtools.crest.model.design.logical.Entity" directorySegmentName="seg_0" id="32395A9C-3056-DDA0-AC42-8FC6605226CD" name="T_SM_CIDADE">
<createdBy>rennecastrucci</createdBy>
<createdTime>2022-05-26 19:30:50 UTC</createdTime>
<ownerDesignName>Modelagem</ownerDesignName>
<engineerTo>
<item key="F697EC8D-F94C-BEBD-EF7A-91F34B890CE6" value="true"/>
</engineerTo>
<adequatelyNormalized>NO</adequatelyNormalized>
<expectedVolumes>0</expectedVolumes>
<fwdEngineeringStrategyName>Single Table</fwdEngineeringStrategyName>
<growthPercent>0</growthPercent>
<growthType>Year</growthType>
<maxVolumes>9999999</maxVolumes>
<minVolumes>0</minVolumes>
<normalForm>Third</normalForm>
<attributes itemClass="oracle.dbtools.crest.model.design.logical.Attribute">
<Attribute name="id_cidade" id="71C00E62-475C-06D7-C99E-A959377B7E25">
<createdBy>rennecastrucci</createdBy>
<createdTime>2022-05-26 19:30:50 UTC</createdTime>
<ownerDesignName>Modelagem</ownerDesignName>
<importedID>F21CC53C-6E58-7E77-F975-12A549DD6C64</importedID>
<engineerTo>
<item key="F697EC8D-F94C-BEBD-EF7A-91F34B890CE6" value="true"/>
</engineerTo>
<useDomainConstraints>false</useDomainConstraints>
<use>1</use>
<logicalDatatype>LOGDT019</logicalDatatype>
<dataTypePrecision>4</dataTypePrecision>
<ownDataTypeParameters>,4,</ownDataTypeParameters>
</Attribute>
<Attribute name="id_estado" id="3F368DDD-9CCA-A743-5455-FF1BB59873E3">
<createdBy>rennecastrucci</createdBy>
<createdTime>2022-05-26 19:30:50 UTC</createdTime>
<generatorID>D26AA61D-01DE-0029-6758-FCA65466284D</generatorID>
<ownerDesignName>Modelagem</ownerDesignName>
<importedID>AE046713-1330-94C6-DE61-303171410E7A</importedID>
<engineerTo>
<item key="F697EC8D-F94C-BEBD-EF7A-91F34B890CE6" value="true"/>
</engineerTo>
<referedAttribute>A8EE50DB-992A-01A8-E89C-0BCC38BA7F4A</referedAttribute>
<useDomainConstraints>false</useDomainConstraints>
<use>1</use>
<logicalDatatype>LOGDT019</logicalDatatype>
<dataTypePrecision>2</dataTypePrecision>
<ownDataTypeParameters>,2,</ownDataTypeParameters>
</Attribute>
<Attribute name="nm_cidade" id="6470FA13-08F1-1D43-05B6-A08E4FFDD709">
<createdBy>rennecastrucci</createdBy>
<createdTime>2022-05-26 19:30:50 UTC</createdTime>
<ownerDesignName>Modelagem</ownerDesignName>
<importedID>1DFB4212-9B71-DE1E-7B4F-B87215E96227</importedID>
<engineerTo>
<item key="F697EC8D-F94C-BEBD-EF7A-91F34B890CE6" value="true"/>
</engineerTo>
<useDomainConstraints>false</useDomainConstraints>
<use>1</use>
<logicalDatatype>LOGDT024</logicalDatatype>
<dataTypeSize>50</dataTypeSize>
<ownDataTypeParameters>50,,</ownDataTypeParameters>
</Attribute>
<Attribute name="nr_agente" id="6F0E948A-8472-514D-9B76-7D8A87E0F008">
<createdBy>rennecastrucci</createdBy>
<createdTime>2022-05-26 22:52:32 UTC</createdTime>
<ownerDesignName>Modelagem</ownerDesignName>
<engineerTo>
<item key="F697EC8D-F94C-BEBD-EF7A-91F34B890CE6" value="true"/>
</engineerTo>
<nullsAllowed>true</nullsAllowed>
<useDomainConstraints>false</useDomainConstraints>
<use>1</use>
<logicalDatatype>LOGDT019</logicalDatatype>
<dataTypePrecision>3</dataTypePrecision>
<ownDataTypeParameters>,3,</ownDataTypeParameters>
</Attribute>
</attributes>
<identifiers itemClass="oracle.dbtools.crest.model.design.logical.CandidateKey">
<identifier id="D011F297-95DA-7092-959B-9E66D85144E6" name="T_SM_CIDADE_PK">
<createdBy>rennecastrucci</createdBy>
<createdTime>2022-05-26 19:30:50 UTC</createdTime>
<ownerDesignName>Modelagem</ownerDesignName>
<shouldEngineer>false</shouldEngineer>
<engineerTo>
<item key="F697EC8D-F94C-BEBD-EF7A-91F34B890CE6" value="false"/>
</engineerTo>
<pk>true</pk>
<usedAttributes>
<attributeRef>71C00E62-475C-06D7-C99E-A959377B7E25</attributeRef>
</usedAttributes>
</identifier>
</identifiers>
</Entity>
