<?xml version = '1.0' encoding = 'UTF-8'?>
<Entity class="oracle.dbtools.crest.model.design.logical.Entity" directorySegmentName="seg_0" id="5B6D987A-BE9E-C6D4-5147-EC1F916D5F89" name="T_SM_CASO_VACINA">
<createdBy>rennecastrucci</createdBy>
<createdTime>2022-05-27 00:10:50 UTC</createdTime>
<ownerDesignName>Modelagem</ownerDesignName>
<engineerTo>
<item key="F697EC8D-F94C-BEBD-EF7A-91F34B890CE6" value="true"/>
</engineerTo>
<adequatelyNormalized>NO</adequatelyNormalized>
<expectedVolumes>0</expectedVolumes>
<fwdEngineeringStrategyName>Single Table</fwdEngineeringStrategyName>
<growthPercent>0</growthPercent>
<growthType>Year</growthType>
<maxVolumes>9999999</maxVolumes>
<minVolumes>0</minVolumes>
<normalForm>Third</normalForm>
<attributes itemClass="oracle.dbtools.crest.model.design.logical.Attribute">
<Attribute name="id_relacao" id="44714B51-CEFB-BCCD-5539-4DA3368C5B99">
<createdBy>rennecastrucci</createdBy>
<createdTime>2022-05-27 00:11:46 UTC</createdTime>
<ownerDesignName>Modelagem</ownerDesignName>
<engineerTo>
<item key="F697EC8D-F94C-BEBD-EF7A-91F34B890CE6" value="true"/>
</engineerTo>
<useDomainConstraints>false</useDomainConstraints>
<use>1</use>
<logicalDatatype>LOGDT019</logicalDatatype>
<dataTypePrecision>3</dataTypePrecision>
<ownDataTypeParameters>,3,</ownDataTypeParameters>
</Attribute>
<Attribute name="id_vacina" id="EC25EFBA-98F9-4A5C-BB5A-2B8D01A9BFF0">
<createdBy>rennecastrucci</createdBy>
<createdTime>2022-06-07 19:59:29 UTC</createdTime>
<generatorID>543F3785-39F8-5577-8A63-25CDEF486128</generatorID>
<ownerDesignName>Modelagem</ownerDesignName>
<engineerTo>
<item key="F697EC8D-F94C-BEBD-EF7A-91F34B890CE6" value="true"/>
</engineerTo>
<referedAttribute>84D616E4-D9AC-E44E-4406-1822F1048D7D</referedAttribute>
<useDomainConstraints>false</useDomainConstraints>
<use>1</use>
<logicalDatatype>LOGDT019</logicalDatatype>
<dataTypePrecision>3</dataTypePrecision>
<ownDataTypeParameters>,3,</ownDataTypeParameters>
</Attribute>
<Attribute name="id_caso" id="FF442BC9-FEDC-A286-A3C6-31C1987DAA1B">
<createdBy>rennecastrucci</createdBy>
<createdTime>2022-06-08 03:10:28 UTC</createdTime>
<generatorID>B316B0C0-B9A6-CCEC-4F2A-0CA5ACC87EB7</generatorID>
<ownerDesignName>Modelagem</ownerDesignName>
<engineerTo>
<item key="F697EC8D-F94C-BEBD-EF7A-91F34B890CE6" value="true"/>
</engineerTo>
<referedAttribute>A0E644D7-617C-3086-ECC4-32581A6CBAAC</referedAttribute>
<useDomainConstraints>false</useDomainConstraints>
<use>1</use>
<logicalDatatype>LOGDT019</logicalDatatype>
<dataTypePrecision>10</dataTypePrecision>
<ownDataTypeParameters>,,</ownDataTypeParameters>
</Attribute>
<Attribute name="id_obito" id="8AEA6C60-C254-806B-A1F4-213926AAA34D">
<createdBy>rennecastrucci</createdBy>
<createdTime>2022-06-08 05:33:03 UTC</createdTime>
<generatorID>7081526F-E9C2-AE24-C3BD-47AE3C8D2B34</generatorID>
<ownerDesignName>Modelagem</ownerDesignName>
<engineerTo>
<item key="F697EC8D-F94C-BEBD-EF7A-91F34B890CE6" value="true"/>
</engineerTo>
<referedAttribute>7786408C-A80F-6FE6-10E2-E03D00783195</referedAttribute>
<useDomainConstraints>false</useDomainConstraints>
<use>1</use>
<logicalDatatype>LOGDT019</logicalDatatype>
<dataTypePrecision>10</dataTypePrecision>
<ownDataTypeParameters>,,</ownDataTypeParameters>
</Attribute>
<Attribute name="id_obito1" id="1AC0F87A-E58E-3AC9-1999-92CC08AD878A">
<createdBy>rennecastrucci</createdBy>
<createdTime>2022-06-08 05:33:03 UTC</createdTime>
<generatorID>7081526F-E9C2-AE24-C3BD-47AE3C8D2B34</generatorID>
<ownerDesignName>Modelagem</ownerDesignName>
<engineerTo>
<item key="F697EC8D-F94C-BEBD-EF7A-91F34B890CE6" value="true"/>
</engineerTo>
<referedAttribute>D1582194-E818-5946-06EC-79B137AE3080</referedAttribute>
<useDomainConstraints>false</useDomainConstraints>
<use>1</use>
<logicalDatatype>LOGDT019</logicalDatatype>
<dataTypePrecision>10</dataTypePrecision>
<ownDataTypeParameters>,,</ownDataTypeParameters>
</Attribute>
</attributes>
<identifiers itemClass="oracle.dbtools.crest.model.design.logical.CandidateKey">
<identifier id="308E2F2B-2E2A-0586-A32E-6ED0A8806C54" name="T_SM_PES_VAC_PK">
<createdBy>rennecastrucci</createdBy>
<createdTime>2022-05-27 00:11:59 UTC</createdTime>
<ownerDesignName>Modelagem</ownerDesignName>
<shouldEngineer>false</shouldEngineer>
<engineerTo>
<item key="F697EC8D-F94C-BEBD-EF7A-91F34B890CE6" value="false"/>
</engineerTo>
<pk>true</pk>
<newElementsIDs>44714B51-CEFB-BCCD-5539-4DA3368C5B99</newElementsIDs>
<usedAttributes>
<attributeRef>44714B51-CEFB-BCCD-5539-4DA3368C5B99</attributeRef>
</usedAttributes>
</identifier>
</identifiers>
</Entity>
