<?xml version = '1.0' encoding = 'UTF-8'?>
<Entity class="oracle.dbtools.crest.model.design.logical.Entity" directorySegmentName="seg_0" id="5E60002F-2614-78F1-A240-3D7A7B7324B7" name="T_SM_VACINA">
<createdBy>rennecastrucci</createdBy>
<createdTime>2022-05-27 00:02:50 UTC</createdTime>
<ownerDesignName>Modelagem</ownerDesignName>
<engineerTo>
<item key="F697EC8D-F94C-BEBD-EF7A-91F34B890CE6" value="true"/>
</engineerTo>
<adequatelyNormalized>NO</adequatelyNormalized>
<expectedVolumes>0</expectedVolumes>
<fwdEngineeringStrategyName>Single Table</fwdEngineeringStrategyName>
<growthPercent>0</growthPercent>
<growthType>Year</growthType>
<maxVolumes>9999999</maxVolumes>
<minVolumes>0</minVolumes>
<normalForm>Third</normalForm>
<attributes itemClass="oracle.dbtools.crest.model.design.logical.Attribute">
<Attribute name="id_vacina" id="84D616E4-D9AC-E44E-4406-1822F1048D7D">
<createdBy>rennecastrucci</createdBy>
<createdTime>2022-05-27 00:03:06 UTC</createdTime>
<ownerDesignName>Modelagem</ownerDesignName>
<engineerTo>
<item key="F697EC8D-F94C-BEBD-EF7A-91F34B890CE6" value="true"/>
</engineerTo>
<useDomainConstraints>false</useDomainConstraints>
<use>1</use>
<logicalDatatype>LOGDT019</logicalDatatype>
<dataTypePrecision>3</dataTypePrecision>
<ownDataTypeParameters>,3,</ownDataTypeParameters>
</Attribute>
<Attribute name="id_doenca" id="000D5FB0-DDC0-D956-7BF4-268E543A0720">
<createdBy>rennecastrucci</createdBy>
<createdTime>2022-05-27 00:05:21 UTC</createdTime>
<generatorID>D21CE2B3-D4AE-FFCA-976F-453B3A5C7F1B</generatorID>
<ownerDesignName>Modelagem</ownerDesignName>
<engineerTo>
<item key="F697EC8D-F94C-BEBD-EF7A-91F34B890CE6" value="true"/>
</engineerTo>
<referedAttribute>BA75ED8E-74EF-F7A2-E3A0-12252D69E072</referedAttribute>
<useDomainConstraints>false</useDomainConstraints>
<use>1</use>
<logicalDatatype>LOGDT019</logicalDatatype>
<dataTypePrecision>3</dataTypePrecision>
<ownDataTypeParameters>,3,</ownDataTypeParameters>
</Attribute>
<Attribute name="nm_vacina" id="C43C566C-ECFB-EA7C-E14C-7BDDAFD59CE8">
<createdBy>rennecastrucci</createdBy>
<createdTime>2022-05-27 00:04:03 UTC</createdTime>
<ownerDesignName>Modelagem</ownerDesignName>
<engineerTo>
<item key="F697EC8D-F94C-BEBD-EF7A-91F34B890CE6" value="true"/>
</engineerTo>
<useDomainConstraints>false</useDomainConstraints>
<use>1</use>
<logicalDatatype>LOGDT024</logicalDatatype>
<dataTypeSize>40</dataTypeSize>
<ownDataTypeParameters>40,,</ownDataTypeParameters>
</Attribute>
<Attribute name="nm_laboratorio" id="C404B551-7FC8-6F2B-FC15-212C0F96866A">
<createdBy>rennecastrucci</createdBy>
<createdTime>2022-05-27 00:04:28 UTC</createdTime>
<ownerDesignName>Modelagem</ownerDesignName>
<engineerTo>
<item key="F697EC8D-F94C-BEBD-EF7A-91F34B890CE6" value="true"/>
</engineerTo>
<useDomainConstraints>false</useDomainConstraints>
<use>1</use>
<logicalDatatype>LOGDT024</logicalDatatype>
<dataTypeSize>40</dataTypeSize>
<ownDataTypeParameters>40,,</ownDataTypeParameters>
</Attribute>
</attributes>
<identifiers itemClass="oracle.dbtools.crest.model.design.logical.CandidateKey">
<identifier id="BA1B470E-04FC-5638-AAA9-2FC66E13C01F" name="T_SM_VAC_PK">
<createdBy>rennecastrucci</createdBy>
<createdTime>2022-05-27 00:03:15 UTC</createdTime>
<ownerDesignName>Modelagem</ownerDesignName>
<engineerTo>
<item key="F697EC8D-F94C-BEBD-EF7A-91F34B890CE6" value="true"/>
</engineerTo>
<pk>true</pk>
<newElementsIDs>84D616E4-D9AC-E44E-4406-1822F1048D7D</newElementsIDs>
<usedAttributes>
<attributeRef>84D616E4-D9AC-E44E-4406-1822F1048D7D</attributeRef>
</usedAttributes>
</identifier>
</identifiers>
</Entity>
