<?xml version = '1.0' encoding = 'UTF-8'?>
<Entity class="oracle.dbtools.crest.model.design.logical.Entity" directorySegmentName="seg_0" id="817D4F96-CDD0-3BD9-D9E0-BD9BCCB79929" name="T_SM_ESTADO">
<createdBy>rennecastrucci</createdBy>
<createdTime>2022-05-26 19:30:50 UTC</createdTime>
<ownerDesignName>Modelagem</ownerDesignName>
<engineerTo>
<item key="F697EC8D-F94C-BEBD-EF7A-91F34B890CE6" value="true"/>
</engineerTo>
<adequatelyNormalized>NO</adequatelyNormalized>
<expectedVolumes>0</expectedVolumes>
<fwdEngineeringStrategyName>Single Table</fwdEngineeringStrategyName>
<growthPercent>0</growthPercent>
<growthType>Year</growthType>
<maxVolumes>9999999</maxVolumes>
<minVolumes>0</minVolumes>
<normalForm>Third</normalForm>
<attributes itemClass="oracle.dbtools.crest.model.design.logical.Attribute">
<Attribute name="id_estado" id="A8EE50DB-992A-01A8-E89C-0BCC38BA7F4A">
<createdBy>rennecastrucci</createdBy>
<createdTime>2022-05-26 19:30:50 UTC</createdTime>
<ownerDesignName>Modelagem</ownerDesignName>
<importedID>4ABBF09F-1A36-7054-5DDB-8CD11B368367</importedID>
<engineerTo>
<item key="F697EC8D-F94C-BEBD-EF7A-91F34B890CE6" value="true"/>
</engineerTo>
<useDomainConstraints>false</useDomainConstraints>
<use>1</use>
<logicalDatatype>LOGDT019</logicalDatatype>
<dataTypePrecision>2</dataTypePrecision>
<ownDataTypeParameters>,2,</ownDataTypeParameters>
</Attribute>
<Attribute name="id_regiao" id="605818AE-9F52-E654-FA6F-F1CB30109627">
<createdBy>rennecastrucci</createdBy>
<createdTime>2022-05-26 19:37:35 UTC</createdTime>
<generatorID>FCC5FF65-DF5E-0A67-C212-BB047A207461</generatorID>
<ownerDesignName>Modelagem</ownerDesignName>
<engineerTo>
<item key="F697EC8D-F94C-BEBD-EF7A-91F34B890CE6" value="true"/>
</engineerTo>
<referedAttribute>2B2DF0EE-B3C1-3ABB-6351-053A760CA82A</referedAttribute>
<useDomainConstraints>false</useDomainConstraints>
<use>1</use>
<logicalDatatype>LOGDT019</logicalDatatype>
<dataTypePrecision>1</dataTypePrecision>
<ownDataTypeParameters>,1,</ownDataTypeParameters>
</Attribute>
<Attribute name="nm_estado" id="C2FE6FD2-3209-71C6-EC81-D5500ADD5A5E">
<createdBy>rennecastrucci</createdBy>
<createdTime>2022-05-26 19:30:50 UTC</createdTime>
<ownerDesignName>Modelagem</ownerDesignName>
<importedID>7E73984D-3857-50DF-F9D3-87A8A004A719</importedID>
<engineerTo>
<item key="F697EC8D-F94C-BEBD-EF7A-91F34B890CE6" value="true"/>
</engineerTo>
<useDomainConstraints>false</useDomainConstraints>
<use>1</use>
<logicalDatatype>LOGDT024</logicalDatatype>
<dataTypeSize>40</dataTypeSize>
<ownDataTypeParameters>40,,</ownDataTypeParameters>
</Attribute>
<Attribute name="ds_abreviacao" id="DD020C8D-1EBD-1041-24B4-D9229ABB0A08">
<createdBy>rennecastrucci</createdBy>
<createdTime>2022-05-26 19:30:50 UTC</createdTime>
<ownerDesignName>Modelagem</ownerDesignName>
<importedID>4FAB20DE-384C-08EE-0B20-C2DB54D58204</importedID>
<engineerTo>
<item key="F697EC8D-F94C-BEBD-EF7A-91F34B890CE6" value="true"/>
</engineerTo>
<useDomainConstraints>false</useDomainConstraints>
<use>1</use>
<logicalDatatype>LOGDT025</logicalDatatype>
<dataTypeSize>2</dataTypeSize>
<ownDataTypeParameters>2,,</ownDataTypeParameters>
</Attribute>
</attributes>
<identifiers itemClass="oracle.dbtools.crest.model.design.logical.CandidateKey">
<identifier id="D0BD2570-3144-5895-DC40-D2472C3E9764" name="T_SM_ESTADO_PK">
<createdBy>rennecastrucci</createdBy>
<createdTime>2022-05-26 19:30:50 UTC</createdTime>
<ownerDesignName>Modelagem</ownerDesignName>
<shouldEngineer>false</shouldEngineer>
<engineerTo>
<item key="F697EC8D-F94C-BEBD-EF7A-91F34B890CE6" value="false"/>
</engineerTo>
<pk>true</pk>
<usedAttributes>
<attributeRef>A8EE50DB-992A-01A8-E89C-0BCC38BA7F4A</attributeRef>
</usedAttributes>
</identifier>
</identifiers>
</Entity>
