<?xml version = '1.0' encoding = 'UTF-8'?>
<Entity class="oracle.dbtools.crest.model.design.logical.Entity" directorySegmentName="seg_0" id="98872700-0661-BD02-487C-D18907CC0291" name="T_SM_DOENCA">
<createdBy>rennecastrucci</createdBy>
<createdTime>2022-05-26 19:29:05 UTC</createdTime>
<ownerDesignName>Modelagem</ownerDesignName>
<engineerTo>
<item key="F697EC8D-F94C-BEBD-EF7A-91F34B890CE6" value="true"/>
</engineerTo>
<adequatelyNormalized>NO</adequatelyNormalized>
<expectedVolumes>0</expectedVolumes>
<fwdEngineeringStrategyName>Single Table</fwdEngineeringStrategyName>
<growthPercent>0</growthPercent>
<growthType>Year</growthType>
<maxVolumes>9999999</maxVolumes>
<minVolumes>0</minVolumes>
<normalForm>Third</normalForm>
<attributes itemClass="oracle.dbtools.crest.model.design.logical.Attribute">
<Attribute name="id_doenca" id="BA75ED8E-74EF-F7A2-E3A0-12252D69E072">
<createdBy>rennecastrucci</createdBy>
<createdTime>2022-05-26 19:50:19 UTC</createdTime>
<ownerDesignName>Modelagem</ownerDesignName>
<engineerTo>
<item key="F697EC8D-F94C-BEBD-EF7A-91F34B890CE6" value="true"/>
</engineerTo>
<useDomainConstraints>false</useDomainConstraints>
<use>1</use>
<logicalDatatype>LOGDT019</logicalDatatype>
<dataTypePrecision>3</dataTypePrecision>
<ownDataTypeParameters>,3,</ownDataTypeParameters>
</Attribute>
<Attribute name="nm_doenca" id="889BB7F3-A375-EE0D-0CCC-92C3AD801F1B">
<createdBy>rennecastrucci</createdBy>
<createdTime>2022-05-26 19:51:30 UTC</createdTime>
<ownerDesignName>Modelagem</ownerDesignName>
<engineerTo>
<item key="F697EC8D-F94C-BEBD-EF7A-91F34B890CE6" value="true"/>
</engineerTo>
<useDomainConstraints>false</useDomainConstraints>
<use>1</use>
<logicalDatatype>LOGDT024</logicalDatatype>
<dataTypeSize>100</dataTypeSize>
<ownDataTypeParameters>100,,</ownDataTypeParameters>
</Attribute>
<Attribute name="bl_vacina" id="E3D4C543-4297-2296-2401-77A89DA07856">
<createdBy>rennecastrucci</createdBy>
<createdTime>2022-05-28 21:38:12 UTC</createdTime>
<ownerDesignName>Modelagem</ownerDesignName>
<engineerTo>
<item key="F697EC8D-F94C-BEBD-EF7A-91F34B890CE6" value="true"/>
</engineerTo>
<nullsAllowed>true</nullsAllowed>
<useDomainConstraints>false</useDomainConstraints>
<use>1</use>
<logicalDatatype>LOGDT006</logicalDatatype>
<dataTypeSize>1</dataTypeSize>
<ownDataTypeParameters>1,,</ownDataTypeParameters>
</Attribute>
</attributes>
<identifiers itemClass="oracle.dbtools.crest.model.design.logical.CandidateKey">
<identifier id="F6560921-D9FF-6019-CA5B-0686982318F9" name="T_SM_DOENCA_PK">
<createdBy>rennecastrucci</createdBy>
<createdTime>2022-05-26 19:50:36 UTC</createdTime>
<ownerDesignName>Modelagem</ownerDesignName>
<engineerTo>
<item key="F697EC8D-F94C-BEBD-EF7A-91F34B890CE6" value="true"/>
</engineerTo>
<pk>true</pk>
<newElementsIDs>BA75ED8E-74EF-F7A2-E3A0-12252D69E072</newElementsIDs>
<usedAttributes>
<attributeRef>BA75ED8E-74EF-F7A2-E3A0-12252D69E072</attributeRef>
</usedAttributes>
</identifier>
</identifiers>
</Entity>
