<?xml version = '1.0' encoding = 'UTF-8'?>
<Entity class="oracle.dbtools.crest.model.design.logical.Entity" directorySegmentName="seg_0" id="C4D429E2-DD5B-F904-2D39-E7E08732BED5" name="T_SM_ENSINO">
<createdBy>rennecastrucci</createdBy>
<createdTime>2022-05-26 22:43:16 UTC</createdTime>
<ownerDesignName>Modelagem</ownerDesignName>
<engineerTo>
<item key="F697EC8D-F94C-BEBD-EF7A-91F34B890CE6" value="true"/>
</engineerTo>
<adequatelyNormalized>NO</adequatelyNormalized>
<expectedVolumes>0</expectedVolumes>
<fwdEngineeringStrategyName>Single Table</fwdEngineeringStrategyName>
<growthPercent>0</growthPercent>
<growthType>Year</growthType>
<maxVolumes>9999999</maxVolumes>
<minVolumes>0</minVolumes>
<normalForm>Third</normalForm>
<attributes itemClass="oracle.dbtools.crest.model.design.logical.Attribute">
<Attribute name="id_ensino" id="DD0EEA1F-D97D-3B35-7F39-7E7A2714702E">
<createdBy>rennecastrucci</createdBy>
<createdTime>2022-05-26 22:43:50 UTC</createdTime>
<ownerDesignName>Modelagem</ownerDesignName>
<engineerTo>
<item key="F697EC8D-F94C-BEBD-EF7A-91F34B890CE6" value="true"/>
</engineerTo>
<useDomainConstraints>false</useDomainConstraints>
<use>1</use>
<logicalDatatype>LOGDT019</logicalDatatype>
<dataTypePrecision>2</dataTypePrecision>
<ownDataTypeParameters>,2,</ownDataTypeParameters>
</Attribute>
<Attribute name="ds_ensino" id="5D57E26E-B46A-C663-DAD7-C88309F55360">
<createdBy>rennecastrucci</createdBy>
<createdTime>2022-05-26 22:44:10 UTC</createdTime>
<ownerDesignName>Modelagem</ownerDesignName>
<engineerTo>
<item key="F697EC8D-F94C-BEBD-EF7A-91F34B890CE6" value="true"/>
</engineerTo>
<useDomainConstraints>false</useDomainConstraints>
<use>1</use>
<logicalDatatype>LOGDT024</logicalDatatype>
<dataTypeSize>40</dataTypeSize>
<ownDataTypeParameters>40,,</ownDataTypeParameters>
</Attribute>
</attributes>
<identifiers itemClass="oracle.dbtools.crest.model.design.logical.CandidateKey">
<identifier id="F430DC06-8236-2763-931A-A38BED301AF5" name="T_SM_ESC_PK">
<createdBy>rennecastrucci</createdBy>
<createdTime>2022-05-26 22:44:07 UTC</createdTime>
<ownerDesignName>Modelagem</ownerDesignName>
<shouldEngineer>false</shouldEngineer>
<engineerTo>
<item key="F697EC8D-F94C-BEBD-EF7A-91F34B890CE6" value="false"/>
</engineerTo>
<pk>true</pk>
<newElementsIDs>DD0EEA1F-D97D-3B35-7F39-7E7A2714702E</newElementsIDs>
<usedAttributes>
<attributeRef>DD0EEA1F-D97D-3B35-7F39-7E7A2714702E</attributeRef>
</usedAttributes>
</identifier>
</identifiers>
</Entity>
