<?xml version = '1.0' encoding = 'UTF-8'?>
<Table class="oracle.dbtools.crest.model.design.relational.Table" directorySegmentName="seg_0" id="07583153-4D70-89EA-5017-29015F0E3A5F" name="T_SM_VACINA">
<createdBy>rennecastrucci</createdBy>
<createdTime>2022-06-08 03:41:55 UTC</createdTime>
<generatorID>5E60002F-2614-78F1-A240-3D7A7B7324B7</generatorID>
<ownerDesignName>Modelagem</ownerDesignName>
<allowColumnReorder>false</allowColumnReorder>
<existDependencyGenerateInDDl>true</existDependencyGenerateInDDl>
<parsed>true</parsed>
<columns itemClass="oracle.dbtools.crest.model.design.relational.Column">
<Column name="id_vacina" id="0E6DD43B-5C5D-6BF8-FB8C-3ED487444C4D">
<createdBy>rennecastrucci</createdBy>
<createdTime>2022-06-08 03:41:55 UTC</createdTime>
<generatorID>84D616E4-D9AC-E44E-4406-1822F1048D7D</generatorID>
<ownerDesignName>Modelagem</ownerDesignName>
<useDomainConstraints>false</useDomainConstraints>
<use>1</use>
<logicalDatatype>LOGDT019</logicalDatatype>
<dataTypePrecision>3</dataTypePrecision>
<ownDataTypeParameters>,3,</ownDataTypeParameters>
<autoIncrementCycle>false</autoIncrementCycle>
</Column>
<Column name="T_SM_DOENCA_id_doenca" id="7C1C1D26-0481-5468-67D3-F5D4461399B7">
<createdBy>rennecastrucci</createdBy>
<createdTime>2022-06-08 03:41:55 UTC</createdTime>
<generatorID>000D5FB0-DDC0-D956-7BF4-268E543A0720</generatorID>
<ownerDesignName>Modelagem</ownerDesignName>
<useDomainConstraints>false</useDomainConstraints>
<use>1</use>
<logicalDatatype>LOGDT019</logicalDatatype>
<dataTypePrecision>3</dataTypePrecision>
<ownDataTypeParameters>,,</ownDataTypeParameters>
<previousColumn>false</previousColumn>
<autoIncrementCycle>false</autoIncrementCycle>
<associations>
<colAssociation fkAssociation="523E57B0-90EA-C9F6-CA3B-5C3EFA342D9B" referredColumn="7298E9A6-A68A-045C-8706-55E19FF61BD4"/>
</associations>
</Column>
<Column name="nm_vacina" id="1BA309CC-18A2-E5E5-01AA-F6D985842B01">
<createdBy>rennecastrucci</createdBy>
<createdTime>2022-06-08 03:41:55 UTC</createdTime>
<generatorID>C43C566C-ECFB-EA7C-E14C-7BDDAFD59CE8</generatorID>
<ownerDesignName>Modelagem</ownerDesignName>
<useDomainConstraints>false</useDomainConstraints>
<use>1</use>
<logicalDatatype>LOGDT024</logicalDatatype>
<dataTypeSize>40</dataTypeSize>
<ownDataTypeParameters>40,,</ownDataTypeParameters>
<autoIncrementCycle>false</autoIncrementCycle>
</Column>
<Column name="nm_laboratorio" id="9E6A142F-A70D-11FD-6319-D56131C5C984">
<createdBy>rennecastrucci</createdBy>
<createdTime>2022-06-08 03:41:55 UTC</createdTime>
<generatorID>C404B551-7FC8-6F2B-FC15-212C0F96866A</generatorID>
<ownerDesignName>Modelagem</ownerDesignName>
<useDomainConstraints>false</useDomainConstraints>
<use>1</use>
<logicalDatatype>LOGDT024</logicalDatatype>
<dataTypeSize>40</dataTypeSize>
<ownDataTypeParameters>40,,</ownDataTypeParameters>
<autoIncrementCycle>false</autoIncrementCycle>
</Column>
</columns>
<indexes itemClass="oracle.dbtools.crest.model.design.relational.Index">
<ind_PK_UK id="BF534DB7-A106-6C0B-EC82-9B5FF27C8C98" name="T_SM_VACINA_PK">
<createdBy>rennecastrucci</createdBy>
<createdTime>2022-06-08 03:41:55 UTC</createdTime>
<generatorID>BA1B470E-04FC-5638-AAA9-2FC66E13C01F</generatorID>
<ownerDesignName>Modelagem</ownerDesignName>
<pk>true</pk>
<indexState>Primary Constraint</indexState>
<isSurrogateKey>false</isSurrogateKey>
<indexColumnUsage>
<colUsage columnID="0E6DD43B-5C5D-6BF8-FB8C-3ED487444C4D"/>
</indexColumnUsage>
</ind_PK_UK>
<ind_PK_UK id="F0344A7E-BFDB-3630-C06B-334FF46BEA75" name="T_SM_VACINA_T_SM_DOENCA_FK">
<createdBy>rennecastrucci</createdBy>
<createdTime>2022-06-08 03:41:55 UTC</createdTime>
<generatorID>D21CE2B3-D4AE-FFCA-976F-453B3A5C7F1B</generatorID>
<ownerDesignName>Modelagem</ownerDesignName>
<indexState>Foreign Key</indexState>
<isSurrogateKey>false</isSurrogateKey>
<indexColumnUsage>
<colUsage columnID="7C1C1D26-0481-5468-67D3-F5D4461399B7"/>
</indexColumnUsage>
</ind_PK_UK>
</indexes>
</Table>
