<?xml version = '1.0' encoding = 'UTF-8'?>
<Table class="oracle.dbtools.crest.model.design.relational.Table" directorySegmentName="seg_0" id="52A8B9BE-BE79-40BA-B710-6F5F1DDDF28C" name="T_SM_SEXO">
<createdBy>rennecastrucci</createdBy>
<createdTime>2022-06-08 03:41:55 UTC</createdTime>
<generatorID>91A541E6-2C62-DE51-94BD-99118A86206C</generatorID>
<ownerDesignName>Modelagem</ownerDesignName>
<allowColumnReorder>false</allowColumnReorder>
<existDependencyGenerateInDDl>true</existDependencyGenerateInDDl>
<parsed>true</parsed>
<columns itemClass="oracle.dbtools.crest.model.design.relational.Column">
<Column name="id_sexo" id="FC6DA8C1-2A45-5A6B-2BE8-E9D9E2E51798">
<createdBy>rennecastrucci</createdBy>
<createdTime>2022-06-08 03:41:55 UTC</createdTime>
<generatorID>2637D3BF-CDE5-5978-ED21-04047AC20FAF</generatorID>
<ownerDesignName>Modelagem</ownerDesignName>
<useDomainConstraints>false</useDomainConstraints>
<use>1</use>
<logicalDatatype>LOGDT019</logicalDatatype>
<dataTypePrecision>1</dataTypePrecision>
<ownDataTypeParameters>,1,</ownDataTypeParameters>
<autoIncrementCycle>false</autoIncrementCycle>
</Column>
<Column name="ds_sexo" id="DACF6477-AABC-E825-FA04-5B673D6D6876">
<createdBy>rennecastrucci</createdBy>
<createdTime>2022-06-08 03:41:55 UTC</createdTime>
<generatorID>33B9DCFE-B66C-0AF1-86D0-04E7A38C47E9</generatorID>
<ownerDesignName>Modelagem</ownerDesignName>
<useDomainConstraints>false</useDomainConstraints>
<use>1</use>
<logicalDatatype>LOGDT024</logicalDatatype>
<dataTypeSize>10</dataTypeSize>
<ownDataTypeParameters>10,,</ownDataTypeParameters>
<autoIncrementCycle>false</autoIncrementCycle>
</Column>
</columns>
<indexes itemClass="oracle.dbtools.crest.model.design.relational.Index">
<ind_PK_UK id="DE4C30E8-AAFC-0143-85E7-125A76B89C16" name="T_SM_SEXO_PK">
<createdBy>rennecastrucci</createdBy>
<createdTime>2022-06-08 03:41:55 UTC</createdTime>
<generatorID>F539575C-4DFF-329C-F77A-98F4FFC7A2CE</generatorID>
<ownerDesignName>Modelagem</ownerDesignName>
<pk>true</pk>
<indexState>Primary Constraint</indexState>
<isSurrogateKey>false</isSurrogateKey>
<indexColumnUsage>
<colUsage columnID="FC6DA8C1-2A45-5A6B-2BE8-E9D9E2E51798"/>
</indexColumnUsage>
</ind_PK_UK>
</indexes>
</Table>
