<?xml version = '1.0' encoding = 'UTF-8'?>
<Table class="oracle.dbtools.crest.model.design.relational.Table" directorySegmentName="seg_0" id="7FD133F6-47E7-A8DE-F87C-95FCE42D21BD" name="T_SM_PAIS">
<createdBy>rennecastrucci</createdBy>
<createdTime>2022-06-08 03:41:55 UTC</createdTime>
<generatorID>AC36839E-2364-70D4-6197-33AD4D7EFE38</generatorID>
<ownerDesignName>Modelagem</ownerDesignName>
<allowColumnReorder>false</allowColumnReorder>
<existDependencyGenerateInDDl>true</existDependencyGenerateInDDl>
<parsed>true</parsed>
<columns itemClass="oracle.dbtools.crest.model.design.relational.Column">
<Column name="id_pais" id="822EB8EA-585A-00B7-CB66-C97B8ED60F5E">
<createdBy>rennecastrucci</createdBy>
<createdTime>2022-06-08 03:41:55 UTC</createdTime>
<generatorID>6E202918-6DC1-E800-26D6-A770A785A270</generatorID>
<ownerDesignName>Modelagem</ownerDesignName>
<useDomainConstraints>false</useDomainConstraints>
<use>1</use>
<logicalDatatype>LOGDT019</logicalDatatype>
<dataTypePrecision>3</dataTypePrecision>
<ownDataTypeParameters>,3,</ownDataTypeParameters>
<autoIncrementCycle>false</autoIncrementCycle>
</Column>
<Column name="nm_pais" id="B93BFE7B-A5A2-2AE4-8AB9-95CD84E7FE8F">
<createdBy>rennecastrucci</createdBy>
<createdTime>2022-06-08 03:41:55 UTC</createdTime>
<generatorID>740C0459-DB3B-85C9-80E7-DC34F8BF07A1</generatorID>
<ownerDesignName>Modelagem</ownerDesignName>
<useDomainConstraints>false</useDomainConstraints>
<use>1</use>
<logicalDatatype>LOGDT024</logicalDatatype>
<dataTypeSize>40</dataTypeSize>
<ownDataTypeParameters>40,,</ownDataTypeParameters>
<autoIncrementCycle>false</autoIncrementCycle>
</Column>
<Column name="ds_abreviacao" id="2BA0FFF1-A58E-3511-6957-D11295A441F1">
<createdBy>rennecastrucci</createdBy>
<createdTime>2022-06-08 03:41:55 UTC</createdTime>
<generatorID>65306F69-BDCE-CF00-E968-1C8AE935F1B3</generatorID>
<ownerDesignName>Modelagem</ownerDesignName>
<nullsAllowed>true</nullsAllowed>
<useDomainConstraints>false</useDomainConstraints>
<use>1</use>
<logicalDatatype>LOGDT025</logicalDatatype>
<dataTypeSize>2</dataTypeSize>
<ownDataTypeParameters>2,,</ownDataTypeParameters>
<autoIncrementCycle>false</autoIncrementCycle>
</Column>
<Column name="ds_iso_alpha3" id="5BCF67ED-C47B-2D8B-C9EF-465D2892C3E2">
<createdBy>rennecastrucci</createdBy>
<createdTime>2022-06-08 03:41:55 UTC</createdTime>
<generatorID>6D2AF685-E675-EF16-FF78-7F8F784146DB</generatorID>
<ownerDesignName>Modelagem</ownerDesignName>
<nullsAllowed>true</nullsAllowed>
<useDomainConstraints>false</useDomainConstraints>
<use>1</use>
<logicalDatatype>LOGDT025</logicalDatatype>
<dataTypeSize>3</dataTypeSize>
<ownDataTypeParameters>3,,</ownDataTypeParameters>
<autoIncrementCycle>false</autoIncrementCycle>
</Column>
<Column name="nr_ddi" id="EAAEA004-0E06-D38C-B00D-577A8EC87DE8">
<createdBy>rennecastrucci</createdBy>
<createdTime>2022-06-08 03:41:55 UTC</createdTime>
<generatorID>9E942F85-18D7-E003-C1BE-821A18CE17F6</generatorID>
<ownerDesignName>Modelagem</ownerDesignName>
<nullsAllowed>true</nullsAllowed>
<useDomainConstraints>false</useDomainConstraints>
<use>1</use>
<logicalDatatype>LOGDT019</logicalDatatype>
<dataTypePrecision>3</dataTypePrecision>
<ownDataTypeParameters>,3,</ownDataTypeParameters>
<autoIncrementCycle>false</autoIncrementCycle>
</Column>
</columns>
<indexes itemClass="oracle.dbtools.crest.model.design.relational.Index">
<ind_PK_UK id="BDB2AC2D-3A6E-E32C-24E5-5FB8BC228DDE" name="T_SM_PAIS_PK">
<createdBy>rennecastrucci</createdBy>
<createdTime>2022-06-08 03:41:55 UTC</createdTime>
<generatorID>3B8C9D92-7C37-2E3F-8029-D2011CA446BD</generatorID>
<ownerDesignName>Modelagem</ownerDesignName>
<pk>true</pk>
<indexState>Primary Constraint</indexState>
<isSurrogateKey>false</isSurrogateKey>
<indexColumnUsage>
<colUsage columnID="822EB8EA-585A-00B7-CB66-C97B8ED60F5E"/>
</indexColumnUsage>
</ind_PK_UK>
</indexes>
</Table>
