<?xml version = '1.0' encoding = 'UTF-8'?>
<Table class="oracle.dbtools.crest.model.design.relational.Table" directorySegmentName="seg_0" id="F02B5208-B68B-2BF5-9EDD-07067152F155" name="T_SM_OBITO">
<createdBy>rennecastrucci</createdBy>
<createdTime>2022-06-08 03:41:55 UTC</createdTime>
<generatorID>BA580EE2-3091-3923-E67C-3ACEA07764DD</generatorID>
<ownerDesignName>Modelagem</ownerDesignName>
<allowColumnReorder>false</allowColumnReorder>
<existDependencyGenerateInDDl>true</existDependencyGenerateInDDl>
<parsed>true</parsed>
<columns itemClass="oracle.dbtools.crest.model.design.relational.Column">
<Column name="id_obito" id="93FCE0B0-BA03-8053-7357-2FDF8A1F5BA3">
<createdBy>rennecastrucci</createdBy>
<createdTime>2022-06-08 03:41:55 UTC</createdTime>
<generatorID>7786408C-A80F-6FE6-10E2-E03D00783195</generatorID>
<ownerDesignName>Modelagem</ownerDesignName>
<useDomainConstraints>false</useDomainConstraints>
<use>1</use>
<logicalDatatype>LOGDT019</logicalDatatype>
<dataTypePrecision>10</dataTypePrecision>
<ownDataTypeParameters>,10,</ownDataTypeParameters>
<autoIncrementCycle>false</autoIncrementCycle>
</Column>
<Column name="T_SM_DOENCA_id_doenca" id="CE2B7A06-CA1B-205A-9AC6-B23FF90CB311">
<createdBy>rennecastrucci</createdBy>
<createdTime>2022-06-08 03:41:55 UTC</createdTime>
<generatorID>97C742DE-3B1C-682A-0E88-A919B4A0007F</generatorID>
<ownerDesignName>Modelagem</ownerDesignName>
<useDomainConstraints>false</useDomainConstraints>
<use>1</use>
<logicalDatatype>LOGDT019</logicalDatatype>
<dataTypePrecision>3</dataTypePrecision>
<ownDataTypeParameters>,,</ownDataTypeParameters>
<previousColumn>false</previousColumn>
<autoIncrementCycle>false</autoIncrementCycle>
<associations>
<colAssociation fkAssociation="7D7E6BCA-E98A-14FF-E2F8-A0BDD308A4B2" referredColumn="7298E9A6-A68A-045C-8706-55E19FF61BD4"/>
</associations>
</Column>
<Column name="T_SM_CIDADE_id_cidade" id="C142C691-6513-6021-C8DC-B3486184CB8C">
<createdBy>rennecastrucci</createdBy>
<createdTime>2022-06-08 03:41:55 UTC</createdTime>
<generatorID>A2857CE6-10B1-B44D-EA8D-0237C6910DA8</generatorID>
<ownerDesignName>Modelagem</ownerDesignName>
<useDomainConstraints>false</useDomainConstraints>
<use>1</use>
<logicalDatatype>LOGDT019</logicalDatatype>
<dataTypePrecision>4</dataTypePrecision>
<ownDataTypeParameters>,,</ownDataTypeParameters>
<previousColumn>false</previousColumn>
<autoIncrementCycle>false</autoIncrementCycle>
<associations>
<colAssociation fkAssociation="16E27AFD-1C56-6F05-1380-999C1319B673" referredColumn="CD6D66DD-8816-EFC9-F3AD-24EB31D9B94F"/>
</associations>
</Column>
<Column name="dt_obito" id="FA152F0D-DE13-287E-CE61-59E8C5788A6A">
<createdBy>rennecastrucci</createdBy>
<createdTime>2022-06-08 03:41:55 UTC</createdTime>
<generatorID>02939DFC-3ACB-0D03-8D05-16F6625A6199</generatorID>
<ownerDesignName>Modelagem</ownerDesignName>
<useDomainConstraints>false</useDomainConstraints>
<use>1</use>
<logicalDatatype>LOGDT007</logicalDatatype>
<ownDataTypeParameters>,,</ownDataTypeParameters>
<autoIncrementCycle>false</autoIncrementCycle>
</Column>
<Column name="T_SM_SEXO_id_sexo" id="3CEB1E6D-F949-5D66-6E83-DB8247534B05">
<createdBy>rennecastrucci</createdBy>
<createdTime>2022-06-08 05:40:03 UTC</createdTime>
<generatorID>E9CE6E80-7EA3-994B-471E-6C528B061B41</generatorID>
<ownerDesignName>Modelagem</ownerDesignName>
<useDomainConstraints>false</useDomainConstraints>
<use>1</use>
<logicalDatatype>LOGDT019</logicalDatatype>
<dataTypePrecision>1</dataTypePrecision>
<ownDataTypeParameters>,,</ownDataTypeParameters>
<previousColumn>false</previousColumn>
<autoIncrementCycle>false</autoIncrementCycle>
<associations>
<colAssociation fkAssociation="CF8A2D89-70F5-DC1E-EC1C-2C91C237A207" referredColumn="FC6DA8C1-2A45-5A6B-2BE8-E9D9E2E51798"/>
</associations>
</Column>
<Column name="dt_nasc" id="9B83C385-4376-003E-6678-90E15B3FEBFB">
<createdBy>rennecastrucci</createdBy>
<createdTime>2022-06-08 05:40:03 UTC</createdTime>
<generatorID>D440B8BA-AFC0-0945-BE9A-B2360D5275E9</generatorID>
<ownerDesignName>Modelagem</ownerDesignName>
<useDomainConstraints>false</useDomainConstraints>
<use>1</use>
<logicalDatatype>LOGDT007</logicalDatatype>
<ownDataTypeParameters>,,</ownDataTypeParameters>
<autoIncrementCycle>false</autoIncrementCycle>
</Column>
<Column name="T_SM_ENSINO_id_ensino" id="D701DAA2-FD2C-3885-DF7C-38D160573E5C">
<createdBy>rennecastrucci</createdBy>
<createdTime>2022-06-08 05:40:03 UTC</createdTime>
<generatorID>E81639D3-DDFE-D4D6-64E6-41B8B94A4358</generatorID>
<ownerDesignName>Modelagem</ownerDesignName>
<useDomainConstraints>false</useDomainConstraints>
<use>1</use>
<logicalDatatype>LOGDT019</logicalDatatype>
<dataTypePrecision>2</dataTypePrecision>
<ownDataTypeParameters>,,</ownDataTypeParameters>
<previousColumn>false</previousColumn>
<autoIncrementCycle>false</autoIncrementCycle>
<associations>
<colAssociation fkAssociation="9EDACBDB-FF29-09D4-7223-B56D49AD2F9A" referredColumn="264875E4-A20B-4D26-E598-699EC65682F9"/>
</associations>
</Column>
<Column name="nr_renda" id="BA8305DD-627E-0F9B-04CA-03A6044BACE9">
<createdBy>rennecastrucci</createdBy>
<createdTime>2022-06-08 05:40:03 UTC</createdTime>
<generatorID>4FCDC0B5-97EA-BC20-876F-07254061D2F6</generatorID>
<ownerDesignName>Modelagem</ownerDesignName>
<nullsAllowed>true</nullsAllowed>
<useDomainConstraints>false</useDomainConstraints>
<use>1</use>
<logicalDatatype>LOGDT019</logicalDatatype>
<dataTypePrecision>7</dataTypePrecision>
<dataTypeScale>2</dataTypeScale>
<ownDataTypeParameters>,7,2</ownDataTypeParameters>
<autoIncrementCycle>false</autoIncrementCycle>
</Column>
</columns>
<indexes itemClass="oracle.dbtools.crest.model.design.relational.Index">
<ind_PK_UK id="92003D68-DD66-4E80-D058-8A2BF316781B" name="T_SM_OBITO_PK">
<createdBy>rennecastrucci</createdBy>
<createdTime>2022-06-08 03:41:55 UTC</createdTime>
<generatorID>C05318AE-05E1-D360-9B0B-2ED0069A63E0</generatorID>
<ownerDesignName>Modelagem</ownerDesignName>
<pk>true</pk>
<indexState>Primary Constraint</indexState>
<isSurrogateKey>false</isSurrogateKey>
<indexColumnUsage>
<colUsage columnID="93FCE0B0-BA03-8053-7357-2FDF8A1F5BA3"/>
</indexColumnUsage>
</ind_PK_UK>
<ind_PK_UK id="5D8FD70D-D0FA-0CE7-1840-330B02C61AD6" name="T_SM_OBITO_T_SM_CIDADE_FK">
<createdBy>rennecastrucci</createdBy>
<createdTime>2022-06-08 03:41:55 UTC</createdTime>
<generatorID>64736D88-C2D9-041B-00A7-77556029006B</generatorID>
<ownerDesignName>Modelagem</ownerDesignName>
<indexState>Foreign Key</indexState>
<isSurrogateKey>false</isSurrogateKey>
<indexColumnUsage>
<colUsage columnID="C142C691-6513-6021-C8DC-B3486184CB8C"/>
</indexColumnUsage>
</ind_PK_UK>
<ind_PK_UK id="977946DF-58C8-9B53-B97B-75A540A67911" name="T_SM_OBITO_T_SM_DOENCA_FK">
<createdBy>rennecastrucci</createdBy>
<createdTime>2022-06-08 03:41:55 UTC</createdTime>
<generatorID>163BD328-AD71-939E-DAAB-2A24612DC8BE</generatorID>
<ownerDesignName>Modelagem</ownerDesignName>
<indexState>Foreign Key</indexState>
<isSurrogateKey>false</isSurrogateKey>
<indexColumnUsage>
<colUsage columnID="CE2B7A06-CA1B-205A-9AC6-B23FF90CB311"/>
</indexColumnUsage>
</ind_PK_UK>
<ind_PK_UK id="54C80E94-4FA1-1D06-E9E4-A1FA42E5B08D" name="T_SM_OBITO_T_SM_ENSINO_FK">
<createdBy>rennecastrucci</createdBy>
<createdTime>2022-06-08 05:40:03 UTC</createdTime>
<generatorID>96ED4B97-9F44-B9DA-2CC9-E05AAD997970</generatorID>
<ownerDesignName>Modelagem</ownerDesignName>
<indexState>Foreign Key</indexState>
<isSurrogateKey>false</isSurrogateKey>
<indexColumnUsage>
<colUsage columnID="D701DAA2-FD2C-3885-DF7C-38D160573E5C"/>
</indexColumnUsage>
</ind_PK_UK>
<ind_PK_UK id="D95F07B5-7ADC-2249-D32D-D0B65E0E66DC" name="T_SM_OBITO_T_SM_SEXO_FK">
<createdBy>rennecastrucci</createdBy>
<createdTime>2022-06-08 05:40:03 UTC</createdTime>
<generatorID>CF48D54B-D5C1-6DF6-9E79-FD77A14DDC0B</generatorID>
<ownerDesignName>Modelagem</ownerDesignName>
<indexState>Foreign Key</indexState>
<isSurrogateKey>false</isSurrogateKey>
<indexColumnUsage>
<colUsage columnID="3CEB1E6D-F949-5D66-6E83-DB8247534B05"/>
</indexColumnUsage>
</ind_PK_UK>
</indexes>
</Table>
