<?xml version = '1.0' encoding = 'UTF-8'?>
<relationalModel class="oracle.dbtools.crest.model.design.relational.RelationalDesign" name="Relational Model" id="F697EC8D-F94C-BEBD-EF7A-91F34B890CE6" mainViewID="1CC8D829-213D-3607-1EB7-8B3174125166">
<createdBy>rennecastrucci</createdBy>
<createdTime>2022-06-07 20:00:46 UTC</createdTime>
<ownerDesignName>Modelagem</ownerDesignName>
<shouldBeOpen>false</shouldBeOpen>
<selectedRDBMSSite>32076570-2523-435C-2E92-BF29817DFF70</selectedRDBMSSite>
</relationalModel>
