<?xml version = '1.0' encoding = 'UTF-8'?>
<Relation class="oracle.dbtools.crest.model.design.logical.Relation" name="T_SM_DOENCA_T_SM_OBITO" directorySegmentName="seg_0" id="163BD328-AD71-939E-DAAB-2A24612DC8BE">
<createdBy>rennecastrucci</createdBy>
<createdTime>2022-06-08 03:22:38 UTC</createdTime>
<ownerDesignName>Modelagem</ownerDesignName>
<engineerTo>
<item key="F697EC8D-F94C-BEBD-EF7A-91F34B890CE6" value="true"/>
</engineerTo>
<sourcePk>F6560921-D9FF-6019-CA5B-0686982318F9</sourcePk>
<identifying>false</identifying>
<optionalSource>true</optionalSource>
<optionalTarget>false</optionalTarget>
<sourceCardinality>1</sourceCardinality>
<sourceEntity>98872700-0661-BD02-487C-D18907CC0291</sourceEntity>
<targetCardinalityString>*</targetCardinalityString>
<targetEntity>BA580EE2-3091-3923-E67C-3ACEA07764DD</targetEntity>
<transferable>true</transferable>
<deleteRule>NO ACTION</deleteRule>
</Relation>
