<?xml version = '1.0' encoding = 'UTF-8'?>
<Relation class="oracle.dbtools.crest.model.design.logical.Relation" name="T_SM_CIDADE_T_SM_CASO" directorySegmentName="seg_0" id="315B0BB8-BE4B-63E4-9111-8EB9BB85FF48">
<createdBy>rennecastrucci</createdBy>
<createdTime>2022-06-08 03:11:41 UTC</createdTime>
<ownerDesignName>Modelagem</ownerDesignName>
<engineerTo>
<item key="F697EC8D-F94C-BEBD-EF7A-91F34B890CE6" value="true"/>
</engineerTo>
<sourcePk>D011F297-95DA-7092-959B-9E66D85144E6</sourcePk>
<identifying>false</identifying>
<optionalSource>true</optionalSource>
<optionalTarget>false</optionalTarget>
<sourceCardinality>1</sourceCardinality>
<sourceEntity>32395A9C-3056-DDA0-AC42-8FC6605226CD</sourceEntity>
<targetCardinalityString>*</targetCardinalityString>
<targetEntity>FE5B8D53-D20A-244E-FCAD-594AF784E1E6</targetEntity>
<transferable>true</transferable>
<deleteRule>NO ACTION</deleteRule>
</Relation>
