<?xml version = '1.0' encoding = 'UTF-8'?>
<Relation class="oracle.dbtools.crest.model.design.logical.Relation" name="T_SM_ESCOLA_T_SM_CASO" directorySegmentName="seg_0" id="5344DDAE-7182-07DA-6875-71FF70673C00">
<createdBy>rennecastrucci</createdBy>
<createdTime>2022-06-08 03:09:57 UTC</createdTime>
<ownerDesignName>Modelagem</ownerDesignName>
<engineerTo>
<item key="F697EC8D-F94C-BEBD-EF7A-91F34B890CE6" value="true"/>
</engineerTo>
<sourcePk>F430DC06-8236-2763-931A-A38BED301AF5</sourcePk>
<identifying>false</identifying>
<optionalSource>true</optionalSource>
<optionalTarget>false</optionalTarget>
<sourceCardinality>1</sourceCardinality>
<sourceEntity>C4D429E2-DD5B-F904-2D39-E7E08732BED5</sourceEntity>
<targetCardinalityString>*</targetCardinalityString>
<targetEntity>FE5B8D53-D20A-244E-FCAD-594AF784E1E6</targetEntity>
<transferable>true</transferable>
<deleteRule>NO ACTION</deleteRule>
</Relation>
