<?xml version = '1.0' encoding = 'UTF-8'?>
<Relation class="oracle.dbtools.crest.model.design.logical.Relation" name="T_SM_CASO_T_SM_CASO_VACINA" directorySegmentName="seg_0" id="B316B0C0-B9A6-CCEC-4F2A-0CA5ACC87EB7">
<createdBy>rennecastrucci</createdBy>
<createdTime>2022-06-08 03:10:28 UTC</createdTime>
<ownerDesignName>Modelagem</ownerDesignName>
<engineerTo>
<item key="F697EC8D-F94C-BEBD-EF7A-91F34B890CE6" value="true"/>
</engineerTo>
<sourcePk>D661F125-E34D-57C8-497D-96135851BC41</sourcePk>
<identifying>false</identifying>
<optionalSource>true</optionalSource>
<optionalTarget>false</optionalTarget>
<sourceCardinality>1</sourceCardinality>
<sourceEntity>FE5B8D53-D20A-244E-FCAD-594AF784E1E6</sourceEntity>
<targetCardinalityString>*</targetCardinalityString>
<targetEntity>5B6D987A-BE9E-C6D4-5147-EC1F916D5F89</targetEntity>
<transferable>true</transferable>
<deleteRule>NO ACTION</deleteRule>
</Relation>
