<?xml version = '1.0' encoding = 'UTF-8'?>
<Relation class="oracle.dbtools.crest.model.design.logical.Relation" name="T_SM_CIDADE_T_SM_ESTADO_FK" directorySegmentName="seg_0" id="D26AA61D-01DE-0029-6758-FCA65466284D">
<createdBy>rennecastrucci</createdBy>
<createdTime>2022-05-26 19:30:50 UTC</createdTime>
<ownerDesignName>Modelagem</ownerDesignName>
<engineerTo>
<item key="F697EC8D-F94C-BEBD-EF7A-91F34B890CE6" value="true"/>
</engineerTo>
<sourcePk>D0BD2570-3144-5895-DC40-D2472C3E9764</sourcePk>
<identifying>false</identifying>
<optionalSource>true</optionalSource>
<optionalTarget>false</optionalTarget>
<sourceCardinality>1</sourceCardinality>
<sourceEntity>817D4F96-CDD0-3BD9-D9E0-BD9BCCB79929</sourceEntity>
<targetCardinalityString>*</targetCardinalityString>
<targetEntity>32395A9C-3056-DDA0-AC42-8FC6605226CD</targetEntity>
<transferable>true</transferable>
<deleteRule>CASCADE</deleteRule>
</Relation>
