<?xml version = '1.0' encoding = 'UTF-8'?>
<FKIndexAssociation class="oracle.dbtools.crest.model.design.relational.FKIndexAssociation" directorySegmentName="seg_0" id="054AC055-FF83-F674-72B0-335A70BC887A" containerWithKeyObject="126BB11C-7C84-CC17-C743-14847D8F595D" localFKIndex="405D67D1-C611-E96F-FDA9-9B63E2C4C5CC" name="T_SM_REGIAO_T_SM_PAIS_FK">
<createdBy>rennecastrucci</createdBy>
<createdTime>2022-06-08 03:41:55 UTC</createdTime>
<generatorID>63C8E97F-57E2-6436-81C2-5BC8BCEC4962</generatorID>
<ownerDesignName>Modelagem</ownerDesignName>
<referredTableLongName>T_SM_PAIS</referredTableLongName>
<deleteRule>CASCADE</deleteRule>
<referredTableID>7FD133F6-47E7-A8DE-F87C-95FCE42D21BD</referredTableID>
<keyObject>BDB2AC2D-3A6E-E32C-24E5-5FB8BC228DDE</keyObject>
<referredKeyID>BDB2AC2D-3A6E-E32C-24E5-5FB8BC228DDE</referredKeyID>
<mandatory>true</mandatory>
<refColNames>id_pais</refColNames>
<transferable>true</transferable>
<rely>false</rely>
<columnDependencyConstraintGenerateInDDL>true</columnDependencyConstraintGenerateInDDL>
</FKIndexAssociation>
