<?xml version = '1.0' encoding = 'UTF-8'?>
<FKIndexAssociation class="oracle.dbtools.crest.model.design.relational.FKIndexAssociation" directorySegmentName="seg_0" id="16E27AFD-1C56-6F05-1380-999C1319B673" containerWithKeyObject="F02B5208-B68B-2BF5-9EDD-07067152F155" localFKIndex="5D8FD70D-D0FA-0CE7-1840-330B02C61AD6" name="T_SM_OBITO_T_SM_CIDADE_FK">
<createdBy>rennecastrucci</createdBy>
<createdTime>2022-06-08 03:41:55 UTC</createdTime>
<generatorID>64736D88-C2D9-041B-00A7-77556029006B</generatorID>
<ownerDesignName>Modelagem</ownerDesignName>
<referredTableLongName>T_SM_CIDADE</referredTableLongName>
<deleteRule>NO ACTION</deleteRule>
<referredTableID>640F2B83-4B77-1757-A34C-EAA1FB3A6150</referredTableID>
<keyObject>012EB1D8-E273-0B92-88F7-2F76393D8855</keyObject>
<referredKeyID>012EB1D8-E273-0B92-88F7-2F76393D8855</referredKeyID>
<mandatory>true</mandatory>
<refColNames>id_cidade</refColNames>
<transferable>true</transferable>
<rely>false</rely>
<columnDependencyConstraintGenerateInDDL>true</columnDependencyConstraintGenerateInDDL>
</FKIndexAssociation>
