<?xml version = '1.0' encoding = 'UTF-8'?>
<FKIndexAssociation class="oracle.dbtools.crest.model.design.relational.FKIndexAssociation" directorySegmentName="seg_0" id="439A7045-4AA7-C16C-BDF5-3D1BC863B943" containerWithKeyObject="3360A406-2B4F-2463-55F3-19145C7392DE" localFKIndex="6A49797F-77BA-5289-F164-4570A8F8B3B2" name="T_SM_CASO_T_SM_SEXO_FK">
<createdBy>rennecastrucci</createdBy>
<createdTime>2022-06-08 03:41:55 UTC</createdTime>
<generatorID>5AC51BB4-D0FE-78EE-83E4-1046082FA872</generatorID>
<ownerDesignName>Modelagem</ownerDesignName>
<referredTableLongName>T_SM_SEXO</referredTableLongName>
<deleteRule>NO ACTION</deleteRule>
<referredTableID>52A8B9BE-BE79-40BA-B710-6F5F1DDDF28C</referredTableID>
<keyObject>DE4C30E8-AAFC-0143-85E7-125A76B89C16</keyObject>
<referredKeyID>DE4C30E8-AAFC-0143-85E7-125A76B89C16</referredKeyID>
<mandatory>true</mandatory>
<refColNames>id_sexo</refColNames>
<transferable>true</transferable>
<rely>false</rely>
<columnDependencyConstraintGenerateInDDL>true</columnDependencyConstraintGenerateInDDL>
</FKIndexAssociation>
