<?xml version = '1.0' encoding = 'UTF-8'?>
<FKIndexAssociation class="oracle.dbtools.crest.model.design.relational.FKIndexAssociation" directorySegmentName="seg_0" id="7D7E6BCA-E98A-14FF-E2F8-A0BDD308A4B2" containerWithKeyObject="F02B5208-B68B-2BF5-9EDD-07067152F155" localFKIndex="977946DF-58C8-9B53-B97B-75A540A67911" name="T_SM_OBITO_T_SM_DOENCA_FK">
<createdBy>rennecastrucci</createdBy>
<createdTime>2022-06-08 03:41:55 UTC</createdTime>
<generatorID>163BD328-AD71-939E-DAAB-2A24612DC8BE</generatorID>
<ownerDesignName>Modelagem</ownerDesignName>
<referredTableLongName>T_SM_DOENCA</referredTableLongName>
<deleteRule>NO ACTION</deleteRule>
<referredTableID>2FDB4DEB-51A1-BDF1-3B41-DC440F332263</referredTableID>
<keyObject>E44F0E70-6D95-748B-61E8-4D62046EB644</keyObject>
<referredKeyID>E44F0E70-6D95-748B-61E8-4D62046EB644</referredKeyID>
<mandatory>true</mandatory>
<refColNames>id_doenca</refColNames>
<transferable>true</transferable>
<rely>false</rely>
<columnDependencyConstraintGenerateInDDL>true</columnDependencyConstraintGenerateInDDL>
</FKIndexAssociation>
