<?xml version = '1.0' encoding = 'UTF-8'?>
<FKIndexAssociation class="oracle.dbtools.crest.model.design.relational.FKIndexAssociation" directorySegmentName="seg_0" id="93C658D2-5FAA-6558-19A1-EE2185F1A106" containerWithKeyObject="3360A406-2B4F-2463-55F3-19145C7392DE" localFKIndex="0B8FFB43-8F4A-BAAB-3270-29428F050C21" name="T_SM_CASO_T_SM_CIDADE_FK">
<createdBy>rennecastrucci</createdBy>
<createdTime>2022-06-08 03:41:55 UTC</createdTime>
<generatorID>315B0BB8-BE4B-63E4-9111-8EB9BB85FF48</generatorID>
<ownerDesignName>Modelagem</ownerDesignName>
<referredTableLongName>T_SM_CIDADE</referredTableLongName>
<deleteRule>NO ACTION</deleteRule>
<referredTableID>640F2B83-4B77-1757-A34C-EAA1FB3A6150</referredTableID>
<keyObject>012EB1D8-E273-0B92-88F7-2F76393D8855</keyObject>
<referredKeyID>012EB1D8-E273-0B92-88F7-2F76393D8855</referredKeyID>
<mandatory>true</mandatory>
<refColNames>id_cidade</refColNames>
<transferable>true</transferable>
<rely>false</rely>
<columnDependencyConstraintGenerateInDDL>true</columnDependencyConstraintGenerateInDDL>
</FKIndexAssociation>
