<?xml version = '1.0' encoding = 'UTF-8'?>
<FKIndexAssociation class="oracle.dbtools.crest.model.design.relational.FKIndexAssociation" directorySegmentName="seg_0" id="CF8A2D89-70F5-DC1E-EC1C-2C91C237A207" containerWithKeyObject="F02B5208-B68B-2BF5-9EDD-07067152F155" localFKIndex="D95F07B5-7ADC-2249-D32D-D0B65E0E66DC" name="T_SM_OBITO_T_SM_SEXO_FK">
<createdBy>rennecastrucci</createdBy>
<createdTime>2022-06-08 05:40:03 UTC</createdTime>
<generatorID>CF48D54B-D5C1-6DF6-9E79-FD77A14DDC0B</generatorID>
<ownerDesignName>Modelagem</ownerDesignName>
<referredTableLongName>T_SM_SEXO</referredTableLongName>
<deleteRule>NO ACTION</deleteRule>
<referredTableID>52A8B9BE-BE79-40BA-B710-6F5F1DDDF28C</referredTableID>
<keyObject>DE4C30E8-AAFC-0143-85E7-125A76B89C16</keyObject>
<referredKeyID>DE4C30E8-AAFC-0143-85E7-125A76B89C16</referredKeyID>
<mandatory>true</mandatory>
<refColNames>id_sexo</refColNames>
<transferable>true</transferable>
<rely>false</rely>
<columnDependencyConstraintGenerateInDDL>true</columnDependencyConstraintGenerateInDDL>
</FKIndexAssociation>
