<?xml version = '1.0' encoding = 'UTF-8'?>
<FKIndexAssociation class="oracle.dbtools.crest.model.design.relational.FKIndexAssociation" directorySegmentName="seg_0" id="EE6E65EE-8F77-A58E-066D-EC21E86EF36A" containerWithKeyObject="63BB985E-C872-748A-BA59-338BE02B1F7A" localFKIndex="D0537984-41B4-4F6A-FBF9-323D094489C6" name="T_SM_CASO_VAC_T_SM_CASO_FK">
<createdBy>rennecastrucci</createdBy>
<createdTime>2022-06-08 03:41:55 UTC</createdTime>
<generatorID>B316B0C0-B9A6-CCEC-4F2A-0CA5ACC87EB7</generatorID>
<ownerDesignName>Modelagem</ownerDesignName>
<referredTableLongName>T_SM_CASO</referredTableLongName>
<deleteRule>NO ACTION</deleteRule>
<referredTableID>3360A406-2B4F-2463-55F3-19145C7392DE</referredTableID>
<keyObject>F9BC9350-2D5F-03C2-A3C4-23055DA6F697</keyObject>
<referredKeyID>F9BC9350-2D5F-03C2-A3C4-23055DA6F697</referredKeyID>
<mandatory>true</mandatory>
<refColNames>id_caso</refColNames>
<transferable>true</transferable>
<rely>false</rely>
<columnDependencyConstraintGenerateInDDL>true</columnDependencyConstraintGenerateInDDL>
</FKIndexAssociation>
