<?xml version = '1.0' encoding = 'UTF-8'?>
<Diagram class="oracle.dbtools.crest.swingui.logical.DPVLogical" name="Logical" id="F045E588-D438-3149-8EF8-28A315AF22CC">
<createdBy>rennecastrucci</createdBy>
<modifiedBy>rennecastrucci</modifiedBy>
<createdTime>2022-05-26 18:53:03 UTC</createdTime>
<autoRoute>false</autoRoute>
<boxInbox>true</boxInbox>
<showLegend>false</showLegend>
<showLabels>false</showLabels>
<showRelAttributes>false</showRelAttributes>
<gridEnabled>false</gridEnabled>
<showGrid>false</showGrid>
<diagramColor>-1</diagramColor>
<display>false</display>
<notation>2</notation>
<objectViews>
<OView class="oracle.dbtools.crest.swingui.logical.TVEntity" oid="32395A9C-3056-DDA0-AC42-8FC6605226CD" otype="Entity" vid="3466B4ED-1E15-47F9-C8C1-DB211D84D1F7">
<hideElementsInCurrentOnly>false</hideElementsInCurrentOnly>
<bounds x="243" y="60" width="208" height="97"/>
</OView>
<OView class="oracle.dbtools.crest.swingui.logical.TVEntity" oid="5B6D987A-BE9E-C6D4-5147-EC1F916D5F89" otype="Entity" vid="C32E42C5-3FCB-44EF-8549-8602109C205B">
<hideElementsInCurrentOnly>false</hideElementsInCurrentOnly>
<bounds x="932" y="267" width="239" height="110"/>
</OView>
<OView class="oracle.dbtools.crest.swingui.logical.TVEntity" oid="5E60002F-2614-78F1-A240-3D7A7B7324B7" otype="Entity" vid="60A48616-8466-BBBE-7884-F2A132D29AEF">
<hideElementsInCurrentOnly>false</hideElementsInCurrentOnly>
<bounds x="933" y="421" width="238" height="106"/>
</OView>
<OView class="oracle.dbtools.crest.swingui.logical.TVEntity" oid="817D4F96-CDD0-3BD9-D9E0-BD9BCCB79929" otype="Entity" vid="9BC1945B-7CC7-7BF4-635D-27D1D2BCC315">
<hideElementsInCurrentOnly>false</hideElementsInCurrentOnly>
<bounds x="241" y="222" width="209" height="99"/>
</OView>
<OView class="oracle.dbtools.crest.swingui.logical.TVEntity" oid="91A541E6-2C62-DE51-94BD-99118A86206C" otype="Entity" vid="0249BF43-A0EC-AA47-DCED-AE64FB14FB16">
<hideElementsInCurrentOnly>false</hideElementsInCurrentOnly>
<bounds x="932" y="60" width="243" height="74"/>
</OView>
<OView class="oracle.dbtools.crest.swingui.logical.TVEntity" oid="98872700-0661-BD02-487C-D18907CC0291" otype="Entity" vid="1DFA047A-BDEF-115F-3730-E199BB9108B8">
<hideElementsInCurrentOnly>false</hideElementsInCurrentOnly>
<bounds x="583" y="328" width="241" height="100"/>
</OView>
<OView class="oracle.dbtools.crest.swingui.logical.TVEntity" oid="A76ABA9A-3F7C-2BEB-24B0-91B8E2F05A14" otype="Entity" vid="46AF3F42-F6A0-01CC-A3FD-2993833178CB">
<hideElementsInCurrentOnly>false</hideElementsInCurrentOnly>
<bounds x="238" y="384" width="209" height="86"/>
</OView>
<OView class="oracle.dbtools.crest.swingui.logical.TVEntity" oid="AC36839E-2364-70D4-6197-33AD4D7EFE38" otype="Entity" vid="36F8C57D-FDB1-2000-C1D1-8917876237C3">
<hideElementsInCurrentOnly>false</hideElementsInCurrentOnly>
<bounds x="237" y="534" width="209" height="112"/>
</OView>
<OView class="oracle.dbtools.crest.swingui.logical.TVEntity" oid="BA580EE2-3091-3923-E67C-3ACEA07764DD" otype="Entity" vid="ED0EBDB3-476A-792C-5D69-2846A2B96DC0">
<hideElementsInCurrentOnly>false</hideElementsInCurrentOnly>
<bounds x="583" y="535" width="239" height="149"/>
</OView>
<OView class="oracle.dbtools.crest.swingui.logical.TVEntity" oid="C4D429E2-DD5B-F904-2D39-E7E08732BED5" otype="Entity" vid="F191E29A-E68E-D34B-020F-BC2E9CFDAF70">
<hideElementsInCurrentOnly>false</hideElementsInCurrentOnly>
<bounds x="932" y="160" width="240" height="76"/>
</OView>
<OView class="oracle.dbtools.crest.swingui.logical.TVEntity" oid="FE5B8D53-D20A-244E-FCAD-594AF784E1E6" otype="Entity" vid="5D3E6D8A-3503-6559-3C66-1C65F63F60D7">
<hideElementsInCurrentOnly>false</hideElementsInCurrentOnly>
<bounds x="581" y="58" width="239" height="151"/>
</OView>
</objectViews>
<connectors>
<Connector class="oracle.dbtools.crest.swingui.logical.TVRelation" oid="163BD328-AD71-939E-DAAB-2A24612DC8BE" otype="Relation" vid_source="1DFA047A-BDEF-115F-3730-E199BB9108B8" vid_target="ED0EBDB3-476A-792C-5D69-2846A2B96DC0">
<hideElementsInCurrentOnly>false</hideElementsInCurrentOnly>
<backgroundColor>-16777216</backgroundColor>
<lineWidth>1</lineWidth>
<points>
<point x="702" y="428"/>
<point x="702" y="535"/>
</points>
</Connector>
<Connector class="oracle.dbtools.crest.swingui.logical.TVRelation" oid="315B0BB8-BE4B-63E4-9111-8EB9BB85FF48" otype="Relation" vid_source="3466B4ED-1E15-47F9-C8C1-DB211D84D1F7" vid_target="5D3E6D8A-3503-6559-3C66-1C65F63F60D7">
<hideElementsInCurrentOnly>false</hideElementsInCurrentOnly>
<backgroundColor>-16777216</backgroundColor>
<lineWidth>1</lineWidth>
<points>
<point x="451" y="104"/>
<point x="581" y="104"/>
</points>
</Connector>
<Connector class="oracle.dbtools.crest.swingui.logical.TVRelation" oid="5344DDAE-7182-07DA-6875-71FF70673C00" otype="Relation" vid_source="F191E29A-E68E-D34B-020F-BC2E9CFDAF70" vid_target="5D3E6D8A-3503-6559-3C66-1C65F63F60D7">
<hideElementsInCurrentOnly>false</hideElementsInCurrentOnly>
<backgroundColor>-16777216</backgroundColor>
<lineWidth>1</lineWidth>
<points>
<point x="932" y="184"/>
<point x="820" y="184"/>
</points>
</Connector>
<Connector class="oracle.dbtools.crest.swingui.logical.TVRelation" oid="543F3785-39F8-5577-8A63-25CDEF486128" otype="Relation" vid_source="60A48616-8466-BBBE-7884-F2A132D29AEF" vid_target="C32E42C5-3FCB-44EF-8549-8602109C205B">
<hideElementsInCurrentOnly>false</hideElementsInCurrentOnly>
<backgroundColor>-16777216</backgroundColor>
<lineWidth>1</lineWidth>
<points>
<point x="1039" y="421"/>
<point x="1039" y="421"/>
<point x="1039" y="377"/>
</points>
</Connector>
<Connector class="oracle.dbtools.crest.swingui.logical.TVRelation" oid="5AC51BB4-D0FE-78EE-83E4-1046082FA872" otype="Relation" vid_source="0249BF43-A0EC-AA47-DCED-AE64FB14FB16" vid_target="5D3E6D8A-3503-6559-3C66-1C65F63F60D7">
<hideElementsInCurrentOnly>false</hideElementsInCurrentOnly>
<backgroundColor>-16777216</backgroundColor>
<lineWidth>1</lineWidth>
<points>
<point x="932" y="97"/>
<point x="820" y="97"/>
</points>
</Connector>
<Connector class="oracle.dbtools.crest.swingui.logical.TVRelation" oid="63C8E97F-57E2-6436-81C2-5BC8BCEC4962" otype="Relation" vid_source="36F8C57D-FDB1-2000-C1D1-8917876237C3" vid_target="46AF3F42-F6A0-01CC-A3FD-2993833178CB">
<hideElementsInCurrentOnly>false</hideElementsInCurrentOnly>
<backgroundColor>-16777216</backgroundColor>
<lineWidth>1</lineWidth>
<points>
<point x="342" y="534"/>
<point x="342" y="470"/>
</points>
</Connector>
<Connector class="oracle.dbtools.crest.swingui.logical.TVRelation" oid="64736D88-C2D9-041B-00A7-77556029006B" otype="Relation" vid_source="3466B4ED-1E15-47F9-C8C1-DB211D84D1F7" vid_target="ED0EBDB3-476A-792C-5D69-2846A2B96DC0">
<hideElementsInCurrentOnly>false</hideElementsInCurrentOnly>
<backgroundColor>-16777216</backgroundColor>
<lineWidth>1</lineWidth>
<points>
<point x="451" y="126"/>
<point x="510" y="126"/>
<point x="509" y="604"/>
<point x="583" y="604"/>
</points>
</Connector>
<Connector class="oracle.dbtools.crest.swingui.logical.TVRelation" oid="7081526F-E9C2-AE24-C3BD-47AE3C8D2B34" otype="Relation" vid_source="ED0EBDB3-476A-792C-5D69-2846A2B96DC0" vid_target="C32E42C5-3FCB-44EF-8549-8602109C205B">
<hideElementsInCurrentOnly>false</hideElementsInCurrentOnly>
<backgroundColor>-16777216</backgroundColor>
<lineWidth>1</lineWidth>
<points>
<point x="822" y="568"/>
<point x="1221" y="568"/>
<point x="1222" y="305"/>
<point x="1171" y="305"/>
</points>
</Connector>
<Connector class="oracle.dbtools.crest.swingui.logical.TVRelation" oid="96ED4B97-9F44-B9DA-2CC9-E05AAD997970" otype="Relation" vid_source="F191E29A-E68E-D34B-020F-BC2E9CFDAF70" vid_target="ED0EBDB3-476A-792C-5D69-2846A2B96DC0">
<hideElementsInCurrentOnly>false</hideElementsInCurrentOnly>
<backgroundColor>-16777216</backgroundColor>
<lineWidth>1</lineWidth>
<points>
<point x="1172" y="187"/>
<point x="1264" y="187"/>
<point x="1264" y="607"/>
<point x="822" y="607"/>
</points>
</Connector>
<Connector class="oracle.dbtools.crest.swingui.logical.TVRelation" oid="B316B0C0-B9A6-CCEC-4F2A-0CA5ACC87EB7" otype="Relation" vid_source="5D3E6D8A-3503-6559-3C66-1C65F63F60D7" vid_target="C32E42C5-3FCB-44EF-8549-8602109C205B">
<hideElementsInCurrentOnly>false</hideElementsInCurrentOnly>
<backgroundColor>-16777216</backgroundColor>
<lineWidth>1</lineWidth>
<points>
<point x="757" y="209"/>
<point x="757" y="305"/>
<point x="932" y="305"/>
</points>
</Connector>
<Connector class="oracle.dbtools.crest.swingui.logical.TVRelation" oid="CF48D54B-D5C1-6DF6-9E79-FD77A14DDC0B" otype="Relation" vid_source="0249BF43-A0EC-AA47-DCED-AE64FB14FB16" vid_target="ED0EBDB3-476A-792C-5D69-2846A2B96DC0">
<hideElementsInCurrentOnly>false</hideElementsInCurrentOnly>
<backgroundColor>-16777216</backgroundColor>
<lineWidth>1</lineWidth>
<points>
<point x="1175" y="90"/>
<point x="1302" y="90"/>
<point x="1303" y="647"/>
<point x="822" y="647"/>
</points>
</Connector>
<Connector class="oracle.dbtools.crest.swingui.logical.TVRelation" oid="D21CE2B3-D4AE-FFCA-976F-453B3A5C7F1B" otype="Relation" vid_source="1DFA047A-BDEF-115F-3730-E199BB9108B8" vid_target="60A48616-8466-BBBE-7884-F2A132D29AEF">
<hideElementsInCurrentOnly>false</hideElementsInCurrentOnly>
<backgroundColor>-16777216</backgroundColor>
<lineWidth>1</lineWidth>
<points>
<point x="757" y="428"/>
<point x="757" y="476"/>
<point x="933" y="476"/>
</points>
</Connector>
<Connector class="oracle.dbtools.crest.swingui.logical.TVRelation" oid="D26AA61D-01DE-0029-6758-FCA65466284D" otype="Relation" vid_source="9BC1945B-7CC7-7BF4-635D-27D1D2BCC315" vid_target="3466B4ED-1E15-47F9-C8C1-DB211D84D1F7">
<hideElementsInCurrentOnly>false</hideElementsInCurrentOnly>
<backgroundColor>-16777216</backgroundColor>
<lineWidth>1</lineWidth>
<points>
<point x="346" y="222"/>
<point x="346" y="157"/>
</points>
</Connector>
<Connector class="oracle.dbtools.crest.swingui.logical.TVRelation" oid="E2682AA2-9391-9342-29FE-FEBB00A0F4EB" otype="Relation" vid_source="1DFA047A-BDEF-115F-3730-E199BB9108B8" vid_target="5D3E6D8A-3503-6559-3C66-1C65F63F60D7">
<hideElementsInCurrentOnly>false</hideElementsInCurrentOnly>
<backgroundColor>-16777216</backgroundColor>
<lineWidth>1</lineWidth>
<points>
<point x="701" y="328"/>
<point x="701" y="209"/>
</points>
</Connector>
<Connector class="oracle.dbtools.crest.swingui.logical.TVRelation" oid="FCC5FF65-DF5E-0A67-C212-BB047A207461" otype="Relation" vid_source="46AF3F42-F6A0-01CC-A3FD-2993833178CB" vid_target="9BC1945B-7CC7-7BF4-635D-27D1D2BCC315">
<hideElementsInCurrentOnly>false</hideElementsInCurrentOnly>
<backgroundColor>-16777216</backgroundColor>
<lineWidth>1</lineWidth>
<points>
<point x="344" y="384"/>
<point x="344" y="321"/>
</points>
</Connector>
</connectors>
</Diagram>
